[{"model": "admin.logentry", "pk": 1, "fields": {"action_time": "2021-06-07T11:29:40.788Z", "user": 1, "content_type": 7, "object_id": "1", "object_repr": "Lorem Ipsum", "action_flag": 1, "change_message": "[{\"added\": {}}]"}}, {"model": "admin.logentry", "pk": 2, "fields": {"action_time": "2021-06-07T11:30:03.348Z", "user": 1, "content_type": 7, "object_id": "2", "object_repr": "Aliquam erat volutpat", "action_flag": 1, "change_message": "[{\"added\": {}}]"}}, {"model": "admin.logentry", "pk": 3, "fields": {"action_time": "2021-06-07T11:30:23.240Z", "user": 1, "content_type": 7, "object_id": "3", "object_repr": "Sed luctus dignissim venenatis", "action_flag": 1, "change_message": "[{\"added\": {}}]"}}, {"model": "admin.logentry", "pk": 4, "fields": {"action_time": "2021-06-07T11:30:41.338Z", "user": 1, "content_type": 7, "object_id": "4", "object_repr": "Nullam vehicula dapibus ullamcorper", "action_flag": 1, "change_message": "[{\"added\": {}}]"}}, {"model": "admin.logentry", "pk": 5, "fields": {"action_time": "2021-06-07T11:31:06.334Z", "user": 1, "content_type": 7, "object_id": "5", "object_repr": "Mauris venenatis lectus quis egestas faucibus", "action_flag": 1, "change_message": "[{\"added\": {}}]"}}, {"model": "auth.permission", "pk": 1, "fields": {"name": "Can add log entry", "content_type": 1, "codename": "add_logentry"}}, {"model": "auth.permission", "pk": 2, "fields": {"name": "Can change log entry", "content_type": 1, "codename": "change_logentry"}}, {"model": "auth.permission", "pk": 3, "fields": {"name": "Can delete log entry", "content_type": 1, "codename": "delete_logentry"}}, {"model": "auth.permission", "pk": 4, "fields": {"name": "Can view log entry", "content_type": 1, "codename": "view_logentry"}}, {"model": "auth.permission", "pk": 5, "fields": {"name": "Can add permission", "content_type": 2, "codename": "add_permission"}}, {"model": "auth.permission", "pk": 6, "fields": {"name": "Can change permission", "content_type": 2, "codename": "change_permission"}}, {"model": "auth.permission", "pk": 7, "fields": {"name": "Can delete permission", "content_type": 2, "codename": "delete_permission"}}, {"model": "auth.permission", "pk": 8, "fields": {"name": "Can view permission", "content_type": 2, "codename": "view_permission"}}, {"model": "auth.permission", "pk": 9, "fields": {"name": "Can add group", "content_type": 3, "codename": "add_group"}}, {"model": "auth.permission", "pk": 10, "fields": {"name": "Can change group", "content_type": 3, "codename": "change_group"}}, {"model": "auth.permission", "pk": 11, "fields": {"name": "Can delete group", "content_type": 3, "codename": "delete_group"}}, {"model": "auth.permission", "pk": 12, "fields": {"name": "Can view group", "content_type": 3, "codename": "view_group"}}, {"model": "auth.permission", "pk": 13, "fields": {"name": "Can add user", "content_type": 4, "codename": "add_user"}}, {"model": "auth.permission", "pk": 14, "fields": {"name": "Can change user", "content_type": 4, "codename": "change_user"}}, {"model": "auth.permission", "pk": 15, "fields": {"name": "Can delete user", "content_type": 4, "codename": "delete_user"}}, {"model": "auth.permission", "pk": 16, "fields": {"name": "Can view user", "content_type": 4, "codename": "view_user"}}, {"model": "auth.permission", "pk": 17, "fields": {"name": "Can add content type", "content_type": 5, "codename": "add_contenttype"}}, {"model": "auth.permission", "pk": 18, "fields": {"name": "Can change content type", "content_type": 5, "codename": "change_contenttype"}}, {"model": "auth.permission", "pk": 19, "fields": {"name": "Can delete content type", "content_type": 5, "codename": "delete_contenttype"}}, {"model": "auth.permission", "pk": 20, "fields": {"name": "Can view content type", "content_type": 5, "codename": "view_contenttype"}}, {"model": "auth.permission", "pk": 21, "fields": {"name": "Can add session", "content_type": 6, "codename": "add_session"}}, {"model": "auth.permission", "pk": 22, "fields": {"name": "Can change session", "content_type": 6, "codename": "change_session"}}, {"model": "auth.permission", "pk": 23, "fields": {"name": "Can delete session", "content_type": 6, "codename": "delete_session"}}, {"model": "auth.permission", "pk": 24, "fields": {"name": "Can view session", "content_type": 6, "codename": "view_session"}}, {"model": "auth.permission", "pk": 25, "fields": {"name": "Can add post", "content_type": 7, "codename": "add_post"}}, {"model": "auth.permission", "pk": 26, "fields": {"name": "Can change post", "content_type": 7, "codename": "change_post"}}, {"model": "auth.permission", "pk": 27, "fields": {"name": "Can delete post", "content_type": 7, "codename": "delete_post"}}, {"model": "auth.permission", "pk": 28, "fields": {"name": "Can view post", "content_type": 7, "codename": "view_post"}}, {"model": "auth.user", "pk": 1, "fields": {"password": "pbkdf2_sha256$260000$0i2lxpus29YLtDhFz0ML4A$I01CcPiYbQ6Wz0BKoGupAxBanFxpOpI6jwY2o1XUNeY=", "last_login": "2021-06-07T11:28:47.049Z", "is_superuser": true, "username": "alicia", "first_name": "", "last_name": "", "email": "", "is_staff": true, "is_active": true, "date_joined": "2021-06-07T11:28:23.144Z", "groups": [], "user_permissions": []}}, {"model": "contenttypes.contenttype", "pk": 1, "fields": {"app_label": "admin", "model": "logentry"}}, {"model": "contenttypes.contenttype", "pk": 2, "fields": {"app_label": "auth", "model": "permission"}}, {"model": "contenttypes.contenttype", "pk": 3, "fields": {"app_label": "auth", "model": "group"}}, {"model": "contenttypes.contenttype", "pk": 4, "fields": {"app_label": "auth", "model": "user"}}, {"model": "contenttypes.contenttype", "pk": 5, "fields": {"app_label": "contenttypes", "model": "contenttype"}}, {"model": "contenttypes.contenttype", "pk": 6, "fields": {"app_label": "sessions", "model": "session"}}, {"model": "contenttypes.contenttype", "pk": 7, "fields": {"app_label": "blog", "model": "post"}}, {"model": "sessions.session", "pk": "vri79k2cj78cm0wx3n6tniysivms0g2f", "fields": {"session_data": ".eJxVjDsOwjAQBe_iGlk28WeXkj5nsNbeNQ6gRMqnQtwdIqWA9s3Me6lE29rStsicBlYXZdXpd8tUHjLugO803iZdpnGdh6x3RR900f3E8rwe7t9Bo6V9a9OdqxBarCFjjJ6LZzDRAWOFztsSEF2uxotYMQJEjNg5gAjBcY7q_QHcIDeo:1lqDR1:HEIOR2T1iYWthoqr5xj_vQ1AzdwjLaPyYLG6-0WBRNY", "expire_date": "2021-06-21T11:28:47.061Z"}}, {"model": "blog.post", "pk": 1, "fields": {"author": 1, "title": "Lorem Ipsum", "text": "Lorem ipsum dolor sit amet, consectetur adipiscing elit. Nunc eu diam nec ex efficitur sagittis. Praesent egestas diam vel libero dictum, eget sodales leo ullamcorper. In est felis, molestie in molestie id, sagittis et justo. Nulla sagittis at nibh vitae pellentesque. Vestibulum vitae iaculis nunc, ut hendrerit turpis. Aliquam pretium sit amet ligula eu rhoncus. Aenean iaculis augue orci. Phasellus imperdiet leo ex, eget volutpat lacus rhoncus at. Proin consectetur, mauris nec gravida iaculis, diam eros pretium velit, et gravida ante erat id turpis. Nam hendrerit tellus eget metus hendrerit, non sodales risus tempor. Sed fringilla, libero vel dapibus mollis, leo diam laoreet velit, vitae pretium arcu quam quis est. Aliquam ut volutpat enim. Class aptent taciti sociosqu ad litora torquent per conubia nostra, per inceptos himenaeos. Aenean eu dolor id sapien suscipit molestie", "created_date": "2021-06-01T11:28:51Z", "published_date": "2021-06-07T11:31:19.527Z"}}, {"model": "blog.post", "pk": 2, "fields": {"author": 1, "title": "Aliquam erat volutpat", "text": "Etiam in sem sem. Maecenas et mi interdum, blandit quam a, consectetur ligula. Donec aliquet blandit turpis fermentum pretium. Nam fermentum fermentum varius. Donec gravida metus non eros posuere facilisis. In hac habitasse platea dictumst. Praesent ac est sit amet leo aliquam tristique sed ut nulla. Maecenas sed augue sapien. Nunc nulla odio, dignissim ac rutrum quis, dapibus nec mi. Donec ac tortor urna. Sed vitae turpis quam.", "created_date": "2021-06-02T11:29:40Z", "published_date": "2021-06-02T11:30:01Z"}}, {"model": "blog.post", "pk": 3, "fields": {"author": 1, "title": "Sed luctus dignissim venenatis", "text": "Curabitur placerat posuere vestibulum. Etiam eu eros ex. Vestibulum a enim finibus, lacinia elit a, facilisis nisi. Donec ipsum augue, fermentum non nisl ultrices, venenatis feugiat mauris. Lorem ipsum dolor sit amet, consectetur adipiscing elit. In eget lobortis ipsum. Ut semper eleifend erat, vel auctor felis varius eu. Duis imperdiet ante eget lobortis ultrices. Quisque sagittis consequat quam non consequat. Quisque ac lobortis leo, vitae consequat augue. Phasellus suscipit nulla augue, nec aliquam lacus rhoncus a. Interdum et malesuada fames ac ante ipsum primis in faucibus. Curabitur ante sapien, auctor at odio gravida, rutrum pulvinar magna. Morbi ultricies hendrerit ipsum, vitae pulvinar augue aliquam quis.", "created_date": "2021-06-03T11:30:03Z", "published_date": "2021-06-03T11:30:21Z"}}, {"model": "blog.post", "pk": 4, "fields": {"author": 1, "title": "Nullam vehicula dapibus ullamcorper", "text": "Sed justo urna, viverra vitae varius ac, sagittis a ligula. Duis convallis, libero in laoreet fermentum, lorem ligula ornare urna, vel efficitur turpis nisl vel eros. Interdum et malesuada fames ac ante ipsum primis in faucibus. Pellentesque faucibus turpis vitae tortor pulvinar, vitae scelerisque nulla varius. Vestibulum vel erat efficitur, euismod odio eget, bibendum nisl. Integer tempor viverra enim, a lacinia dolor gravida ac. Quisque eu magna ut augue posuere consequat vitae tristique lectus. Cras vulputate vel nunc at tristique.", "created_date": "2021-06-04T11:30:23Z", "published_date": "2021-06-04T11:30:40Z"}}, {"model": "blog.post", "pk": 5, "fields": {"author": 1, "title": "Mauris venenatis lectus quis egestas faucibus", "text": "In ac ultrices odio. Vestibulum eget dui quis nunc tristique sollicitudin sit amet ac urna. Mauris laoreet magna ac mauris fringilla sodales. In ac condimentum mauris. Aenean nec consequat odio. Duis a mauris rutrum, commodo nulla vel, pulvinar enim. In est lectus, euismod non rutrum in, dapibus rutrum odio. Vestibulum vitae mattis ante.", "created_date": "2021-06-05T11:30:41Z", "published_date": "2021-06-07T11:31:01Z"}}]